title,company,location,link
Python Developer,Seen by Indeed,"Austin, TX",https://www.indeed.com/viewjob?jk=99345ff090923ecd
Python Scripting and Tool Development Online Instructor,The Los Angeles Film School,"Winter Park, FL",https://www.indeed.com/viewjob?jk=84c5b3602e97e05a
Senior Data Scientist,GEICO,"Chevy Chase, MD",https://www.indeed.com/viewjob?jk=d84e5d61db5f3a21
IT positions for those looking for H1 Sponsorship - must be present in US,Digital iTechnology,"Round Rock, TX",https://www.indeed.com/viewjob?jk=1a3105535d576d93
Embedded Security Software Quality Assurance Engineer,Star Lab Corp.,"Huntsville, AL",https://www.indeed.com/viewjob?jk=85f29db051138f1b
Python Developer,Deemsys,"Columbus, OH",https://www.indeed.com/viewjob?jk=d4cd484eae7dcb3a
Software Engineer I,Keesler Federal Credit Union,"Biloxi, MS",https://www.indeed.com/viewjob?jk=153f7aaae760aa56
PHY Systems & Algorithm Engineer,Apple,"San Diego, CA",https://www.indeed.com/viewjob?jk=86cc69381344f6fc
Senior Python Developer (Bachelor's and 5+ Years Experience),Essex Management,"Rockville, MD",https://www.indeed.com/viewjob?jk=a88904a208a308ac
Data Scientist - Entry Level,Pathrise,Remote,https://www.indeed.com/viewjob?jk=602196c5ea2f32da
Data Analyst,JMH Companies/Premium Parking,"New Orleans, LA",https://www.indeed.com/viewjob?jk=94f137fb9d4fa057
"Data Scientist - Sports Analytics (Full-Time, Entry-Level, Summer 2020)",Zelus Analytics,"Austin, TX",https://www.indeed.com/viewjob?jk=8a3895ed10ce7a8e
Full Time Opportunities for Students or Recent Graduates: Data & Applied Sciences,Microsoft,"Redmond, WA",https://www.indeed.com/viewjob?jk=11baba484db23433
"IT Summer 2020 Intern – Atlanta, GA or Eagan, MN",Delta,"Atlanta, GA",https://www.indeed.com/viewjob?jk=d49918ac78e4dd18
Associate Data Scientist,Levelset,"New Orleans, LA",https://www.indeed.com/viewjob?jk=02fe3d26180fa10b
Jr Python developer,Ace-stack LLC,"Houston, TX",https://www.indeed.com/viewjob?jk=9549af22891fa8a1
Artist/ Animator,Warner Bros. Entertainment Group,"Chicago, IL",https://www.indeed.com/viewjob?jk=2fbf91017b207d2f
Full Time Opportunities for PhD Students or Recent Graduates: Data & Applied Sciences,Microsoft,"Redmond, WA",https://www.indeed.com/viewjob?jk=75f326050b1b7c10
Data Scientist,Entergy,"New Orleans, LA",https://www.indeed.com/viewjob?jk=c19727ba38fd6a68
Data Analyst,Transdev,"New Orleans, LA",https://www.indeed.com/viewjob?jk=73398d75d67a4601
QA Analyst - Remote,Agnos,Remote,https://www.indeed.com/viewjob?jk=6b927c0492b6379e
Data Scientist (Python),Applied Memetics LLC,Remote,https://www.indeed.com/viewjob?jk=0f16c57e35f21a63
Data Analytics and Modeling Analyst USA,Pan-American Life Insurance Group,"New Orleans, LA",https://www.indeed.com/viewjob?jk=acb2bffec8791b1e
Systems or Software Engineers - Avionics,Performance,"New Orleans, LA",https://www.indeed.com/viewjob?jk=6d11f620b97b2713
Intern Data Science-1,Warner Bros. Entertainment Group,"Burbank, CA",https://www.indeed.com/viewjob?jk=9823e006ecd38a40
Python Developer,rpo international,"Houston, TX",https://www.indeed.com/viewjob?jk=a4cb25e7f731ef9f
Python Developer,Stratacent,"Pennsylvania, AL",https://www.indeed.com/viewjob?jk=8e572030b33aed1c
Mechanical Engineer,Schlumberger,"Rosharon, TX",https://www.indeed.com/viewjob?jk=215adecc6659f75b
Software Development Engineer,Levelset,"New Orleans, LA",https://www.indeed.com/viewjob?jk=a438135a840332ab
Music Composer,Gearbox Software,"Frisco, TX",https://www.indeed.com/viewjob?jk=e0120791fafd200d
Python Developer,Revive Systems LLC,"Houston, TX",https://www.indeed.com/viewjob?jk=5d44ab533c0f377d
Python Developer,rexo solutions,"Houston, TX",https://www.indeed.com/viewjob?jk=5bfc39b1d6f7a1d9
"Staff Instructor, Pre-College Programs",Tulane University,"New Orleans, LA",https://www.indeed.com/viewjob?jk=74b6d3724f6eb5f2
Jr. Python Developer,Expedite Technologies Solutions,"Plano, TX",https://www.indeed.com/viewjob?jk=6830ec3e6d024964
Data Scientist,Mars,United States,https://www.indeed.com/viewjob?jk=d83ab7918f655fe2
Full Time Opportunities for Students or Recent Graduates: UX Design & Research,Microsoft,"Redmond, WA",https://www.indeed.com/viewjob?jk=78206737901e9de0
Software Developer/Data Scientist,2nd Logic,"Little Rock, AR",https://www.indeed.com/viewjob?jk=6e4058751fda05ad
Content Contributor: Data Analysis with R,Codecademy,Remote,https://www.indeed.com/viewjob?jk=7502ecf2e0c40724
Content Contributor: Python and Flask,Codecademy,Remote,https://www.indeed.com/viewjob?jk=eeeeaca1d923b164
Data Analyst,DAUGHTERS OF CHARITY SERVICES OF NEW ORLEANS,"New Orleans, LA",https://www.indeed.com/viewjob?jk=9a9dd16718ec3c58
Software Engineering Apprentice,Revelry Labs,"New Orleans, LA",https://www.indeed.com/viewjob?jk=1efab122bc0aeb21
Product Engineer,Instapath Inc.,"Houston, TX",https://www.indeed.com/viewjob?jk=0c95334373c19d7c
Research Scientist,LOCKHEED MARTIN CORPORATION,"Billerica, MA",https://www.indeed.com/viewjob?jk=c933f49164b051f9
R&D Engineer,Corva,"Houston, TX",https://www.indeed.com/viewjob?jk=47d01041f511419f
Python developer,Ace-stack LLC,"Houston, TX",https://www.indeed.com/viewjob?jk=ddb5bf2516328e03
Python Developer,Akra Tech,Remote,https://www.indeed.com/viewjob?jk=b4746b42ba857a6b
Summer Internship 2020,Tudor Investment Corporation,"New York, NY",https://www.indeed.com/viewjob?jk=2aa62febcef605d5
Full Time Opportunities for PhD Students or Recent Graduates: Researcher,Microsoft,"Redmond, WA",https://www.indeed.com/viewjob?jk=e72f0a5851f50204
Data Scientist Intern - Sports Analytics (Summer 2020),Zelus Analytics,"Austin, TX",https://www.indeed.com/viewjob?jk=7c010063d6c633ea
Python Developer,Ettain Group,"Houston, TX",https://www.indeed.com/viewjob?jk=e1289f591236c179
"Data Analyst, iQueue for Infusion Centers - Santa Clara",LeanTaaS,"Santa Clara, CA",https://www.indeed.com/viewjob?jk=6631e5a267165aab
Data Scientist/Data Analytics,"RICEFW Technologies, inc","Jersey, GA",https://www.indeed.com/viewjob?jk=e3513226e1505ba8
Python/ReactJS Software Developer,2nd Logic,"Los Angeles, CA",https://www.indeed.com/viewjob?jk=7a20786987884274
CV/ML Engineers - Contract,Digitalogy,Remote,https://www.indeed.com/viewjob?jk=c87854a848ad9a33
Python Developer Intern,OXO Solutions,"Ruby, SC",https://www.indeed.com/viewjob?jk=84a541c104b5b24c
Quantitative Trader - Entry Level,Avatar Securities,"Chicago, IL",https://www.indeed.com/viewjob?jk=d01efa8dad29efdc
Full Time Opportunities for MBA Students or Recent Graduates: Sales,Microsoft,United States,https://www.indeed.com/viewjob?jk=138b892d7ec7723a
Full Stack Developer,BusPatrol America,"Metairie, LA",https://www.indeed.com/viewjob?jk=dd7d913fd6bd6e68
Python Developer,Horizontal Integration,"Plano, TX",https://www.indeed.com/viewjob?jk=9258f97d620c6a88
IT positions for those looking for H1 Sponsorship - must be present in US,Digital iTechnology,"Round Rock, TX",https://www.indeed.com/viewjob?jk=1a3105535d576d93
Python Developer,Seen by Indeed,"Austin, TX",https://www.indeed.com/viewjob?jk=99345ff090923ecd
Python Scripting and Tool Development Online Instructor,The Los Angeles Film School,"Winter Park, FL",https://www.indeed.com/viewjob?jk=84c5b3602e97e05a
Python Developer,Deemsys,"Columbus, OH",https://www.indeed.com/viewjob?jk=d4cd484eae7dcb3a
Software Engineer I,Keesler Federal Credit Union,"Biloxi, MS",https://www.indeed.com/viewjob?jk=153f7aaae760aa56
Python Backend Engineer,Enquero Inc,"Plano, TX",https://www.indeed.com/viewjob?jk=63bb01a3abcdd5a5
Consulting Professors,Saylor Academy,Remote,https://www.indeed.com/viewjob?jk=edb0eb6a7ba31772
Summer 2020 - Robotics Engineering - Intern,Samsung Research America Internship,"New York, NY",https://www.indeed.com/viewjob?jk=aa7bad6555c5a73a
Epic Data Scientist,Ochsner Health System,"New Orleans, LA",https://www.indeed.com/viewjob?jk=4d40fe5a4683c720
Passenger Facilitation Co-Op Summer 2020,Delta,"Atlanta, GA",https://www.indeed.com/viewjob?jk=a1a81f3bff189d6d
FELLOWSHIP - SUMMER 2020,BlueLabs Analytics,"Washington, DC",https://www.indeed.com/viewjob?jk=7eaf1f8e22f5b15f
Data Scientist (All Levels) - Charlotte,LeanTaaS,"Charlotte, NC",https://www.indeed.com/viewjob?jk=ed9c9715efc9574b
Python Developer,Proximate Technologies Inc.,"Houston, TX",https://www.indeed.com/viewjob?jk=ffb07e9b0248afa7
Internship Opportunities for Students: Data & Applied Sciences,Microsoft,"Redmond, WA",https://www.indeed.com/viewjob?jk=7688bf23a4e8e7c6
Data Scientist,GNRSystems Inc.,Remote,https://www.indeed.com/viewjob?jk=b473aa90a23461b7
Data Scientist,SIL International,"Dallas, TX",https://www.indeed.com/viewjob?jk=d66cd3c239e082e4
Cyber Internships- Summer 2020 (Maryland),Perspecta Labs,"Basking Ridge, NJ",https://www.indeed.com/viewjob?jk=9556ee8be9b03440
"Jr. Back-end Developer, Python",Boxy Charm,"Pembroke Pines, FL",https://www.indeed.com/viewjob?jk=983a9a109d1bc8ae
DJANGO - PYTHON DEVELOPER,IBL Education,"New York, NY",https://www.indeed.com/viewjob?jk=17a0c1e79eb289a8
"Python Developer, Fixed Income+ USC/GC, -- C",Select Group,"Coppell, TX",https://www.indeed.com/viewjob?jk=849930591d1abe4f
Data Scientist (501652),Aramco Services Company,"Houston, TX",https://www.indeed.com/viewjob?jk=ab6e316f1d58bcb8
Data Scientist M/F (Summer Internship),Kayrros,"Houston, TX",https://www.indeed.com/viewjob?jk=a066acc996f66ae6
"Machine Learning Intern – Summer 2020 – Denver, CO",Internships,"Denver, CO",https://www.indeed.com/viewjob?jk=fc4d89a4881ae560
Python Programmer,Monash University,"San Francisco, CA",https://www.indeed.com/viewjob?jk=055ce320d6850bdc
2020 Summer Research Internship,Resources for the Future (RFF),"Washington, DC",https://www.indeed.com/viewjob?jk=8cee9b4869353ccf
Compute Platform Software Engineer,Joyent,Remote,https://www.indeed.com/viewjob?jk=619acd1533a44edb
Data Scientist - Cryptowatch (Remote),kraken,Remote,https://www.indeed.com/viewjob?jk=fbeea94f7df5fe44
Full Time Opportunities for PhD Students or Recent Graduates: UX Design & Research,Microsoft,"Redmond, WA",https://www.indeed.com/viewjob?jk=7664354ea5a6ba40
Summer Intern - GN&C Trajectories,Jacobs,"Huntsville, AL",https://www.indeed.com/viewjob?jk=36ba28c6d156b23f
Baseball Research and Development Analyst,Milwaukee Brewers,"Milwaukee, WI",https://www.indeed.com/viewjob?jk=d08dd3faa11c59dd
Senior Python Developer,eMoney Advisor,Remote,https://www.indeed.com/viewjob?jk=4d55a4ab5227939b
Clinical Data Analyst,McKesson,Remote,https://www.indeed.com/viewjob?jk=d84003cd2724d62d
Data Scientist,Ennsee Technologies,"Dallas, TX",https://www.indeed.com/viewjob?jk=9e12261e44234dbb
Python/.NET Software Engineer (entry level or experienced),Principal Financial Group,"Des Moines, IA",https://www.indeed.com/viewjob?jk=a37bce2d75852944
Cyber Internships- Maryland (Summer 2020),Perspecta Labs,"Silver Spring, MD",https://www.indeed.com/viewjob?jk=5c3d90184c66e5d7
Cloud Operations Engineer,DXC,"New Orleans, LA",https://www.indeed.com/viewjob?jk=3d0b6bbf2a79158a
Content Creator,LeetCode,Remote,https://www.indeed.com/viewjob?jk=e94af63cb41ad9b5
Entry Level - Back End Developer,IBM,United States,https://www.indeed.com/viewjob?jk=b3bf9d48375caaa3
Geophysicist (503064),Aramco Services Company,"Houston, TX",https://www.indeed.com/viewjob?jk=0fc2b8d5974ccffe
Quantitative Researcher,DRW Trading Group,"Austin, TX",https://www.indeed.com/viewjob?jk=161f9f4bcfecf197
Python Developer,Capco,"Houston, TX",https://www.indeed.com/viewjob?jk=df4a235ce24d6f1c
Data Scientist I,Sable Systems International,"North Las Vegas, NV",https://www.indeed.com/viewjob?jk=560814d2cb57f3ca
Internship Opportunities for PhD Students: Data & Applied Sciences,Microsoft,"Redmond, WA",https://www.indeed.com/viewjob?jk=f85ad23d857625d4
Python Developer,Callsign Media,"Las Vegas, NV",https://www.indeed.com/viewjob?jk=345e22ca6e583be5
"Data Scientist, Workforce Analytics",Warner Bros. Entertainment Group,"Burbank, CA",https://www.indeed.com/viewjob?jk=0d35d48cb052fe44
CE API Specialist - Worldwide,kraken,Remote,https://www.indeed.com/viewjob?jk=a7c4344df4855845
Python Developer,"Simplex info systems inc.,","Atlanta, GA",https://www.indeed.com/viewjob?jk=5e197bf9a8478ba7
DATA SCIENTIST,Rho AI,United States,https://www.indeed.com/viewjob?jk=b1bf9d975b4cdd0b
Python Developer,Tanisha Systems,"Dallas, TX",https://www.indeed.com/viewjob?jk=888e171263f40b54
Data Science Intern,"MODEC, Inc.","Houston, TX",https://www.indeed.com/viewjob?jk=b3df82be3e14a548
Python Developer,Solware IT tech,"Dallas, TX",https://www.indeed.com/viewjob?jk=59de4bded7c99497
Junior Software Developer - entry level,MThree Consulting,"Dallas-Fort Worth, TX",https://www.indeed.com/viewjob?jk=2389ca1c87057694
NetSuite Specialist,Sunpro Solar,"Mandeville, LA",https://www.indeed.com/viewjob?jk=c8b9c20d99740f7a
Python Developer – US,Perceptive Analytics,"Houston, TX",https://www.indeed.com/viewjob?jk=91b1d510b7398376
Python Developer,Aethon Labs,"San Francisco Bay Area, CA",https://www.indeed.com/viewjob?jk=33f3e80e2005ccde
Senior Data Scientist,GEICO,"Chevy Chase, MD",https://www.indeed.com/viewjob?jk=d84e5d61db5f3a21
PHY Systems & Algorithm Engineer,Apple,"San Diego, CA",https://www.indeed.com/viewjob?jk=86cc69381344f6fc
Senior Python Developer (Bachelor's and 5+ Years Experience),Essex Management,"Rockville, MD",https://www.indeed.com/viewjob?jk=a88904a208a308ac
Embedded Security Software Quality Assurance Engineer,Star Lab Corp.,"Huntsville, AL",https://www.indeed.com/viewjob?jk=85f29db051138f1b
